742818067003,"15 cards","Magic: the Gathering Revised Edition Booster Pack"
742818083201,,"Wizards of the Coast Pokemon Card Album"
742818083584,,"Pokemon Cardbox"
742818067003,"15 cards","Magic: the Gathering Revised Edition Booster Pack"
742818000000,,"Pokemon Card Holder" 
742818083201,,"Wizards of the Coast Pokemon Card Album" 
742818083584,,"Pokemon Cardbox" 
742818160193,"10 ct","Magic Unglued Card Pack" 
742818160254,"60‐card deck","Magic the Gathering: Urza's Legacy: Radiant's Revenge" 
742818163026,"36 Booster Pack","Battletech Limited Edition Booster Box" 
742818160193,"10 ct","Magic Unglued Card Pack" 
742818160254,"60‐card deck","Magic the Gathering: Urza's Legacy: Radiant's Revenge" 
742818163026,"36 Booster Pack","Battletech Limited Edition Booster Box" 
742818999999,,"Magic The Gathering 6th Edition Starter Box" 
081510340008,"1 Kt","Frost & Tip Highlighting W/Cap & Hook Dramatic Blonde Highlights" 
081512825008,2825,"SUMMER BLONDE LOT OF SUN"
081512825008,,"SUMMER BLONDE LOT OF SUN"